review	aspect	sentiment
Judging from previous posts this used to be a good place, but not any longer.	place	-1
We, there were four of us, arrived at noon - the place was empty - and the staff acted like we were imposing on them and they were very rude.	staff	-1
The food was lousy - too sweet or too salty and the portions tiny.	food	-1
Avoid this place!	place	-1
I have eaten at Saul, many times, the food is always consistently, outrageously good.	food	1
Saul is the best restaurant on Smith Street and in Brooklyn.	Saul	1
The wine list is interesting and has many good values.	wine list	1
I was very disappointed with this restaurant.	restaurant	-1
Ive asked a cart attendant for a lotus leaf wrapped rice and she replied back rice and just walked away.	cart attendant	-1
Food was okay, nothing great.	Food	0
Chow fun was dry; pork shu mai was more than usually greasy and had to share a table with loud and rude family. 	Chow fun	-1
Went on a 3 day oyster binge, with Fish bringing up the closing, and I am so glad this was the place it O trip ended, because it was so great!	Fish	1
Service was devine, oysters where a sensual as they come, and the price can't be beat!!!	Service	1
Every time in New York I make it a point to visit Restaurant Saul on Smith Street.	Restaurant Saul	1
Everything is always cooked to perfection, the service is excellent, the decor cool and understated.	service	1
I had the duck breast special on my last visit and it was incredible.	duck breast special	1
The food is very average...the Thai fusion stuff is a bit too sweet, every thing they serve is too sweet here.	food	-1
The only thing I moderately enjoyed was their Grilled Chicken special with Edamame Puree.	Grilled Chicken special with Edamame Puree	1
I had never had Edamame pureed before but I thought it was innovative and tasty (could've used a bit more salt).	Edamame pureed	1
The decor is night tho...but they REALLY need to clean that vent in the ceiling...its quite un-appetizing, and kills your effort to make this place look sleek and modern.	decor	1
Their sake list was extensive, but we were looking for Purple Haze, which wasn't listed but made for us upon request!	sake list	1
The spicy tuna roll was unusually good and the rock shrimp tempura was awesome, great appetizer to share!	spicy tuna roll	1
We went around 9:30 on a Friday and it had died down a bit by then so the service was great!	service	1
we love th pink pony.	pink pony	1
THe perfect spot.	spot	1
Food-awesome.	Food	1
Service- friendly and attentive.	Service	1
Ambiance- relaxed and stylish.	Ambiance	1
Don't judge this place prima facie, you have to try it to believe it, a home away from home for the literate heart.	place	1
the food is decent.	food	0
i happen to have a policy that goes along with a little bit of self-respect, which includes not letting a waiter intimidate me, i.e. make me feel bad asking for trivialities like water, or the check.	waiter	-1
This place has got to be the best japanese restaurant in the new york area.	place	1
Food is great.	Food	1
Service is top notch.	Service	1
I tend to judge a sushi restaurant by its sea urchin, which was heavenly at sushi rose.	sea urchin	1
The sushi seemed pretty fresh and was adequately proportioned.	sushi	1
The rice to fish ration was also good--they didn't try to overpack the rice.	rice to fish ration	1
We took advanatage of the half price sushi deal on saturday so it was well worth it.	half price sushi deal	1
In the evening, this place attracted a well dressed, with it, NY crowd.	crowd	1
The food was well prepared and the service impecable.	food	1
The Prix Fixe menu is worth every penny and you get more than enough (both in quantity AND quality).	Prix Fixe menu	1
$6 and there is much tasty food, all of it fresh and continually refilled.	food	1
I am not a vegetarian but, almost all the dishes were great.	dishes	1
The food here is rather good, but only if you like to wait for it.	food	1
I like the somosas, chai, and the chole, but the dhosas and dhal were kinda dissapointing.	somosas	1
The service varys from day to day- sometimes they're very nice, and sometimes not.	service	-1
The kitchen however, is almost always slow.	kitchen	-1
Also, specify if you like your food spicy- its rather bland if you don't.	food	-1
The ambience is pretty and nice for conversation, so a casual lunch here would probably be best.	ambience	1
If you've ever been along the river in Weehawken you have an idea of the top of view the chart house has to offer.	view	1
Add to that great service and great food at a reasonable price and you have yourself the beginning of a great evening.	service	1
The lava cake dessert was incredible and I recommend it.	lava cake dessert	1
Once you step into Cosette, you're miraculously in a small, off-the-beaten path Parisian bistro.	Cosette	1
This tiny restaurant is as cozy as it gets, with that certain Parisian flair.	restaurant	1
The food was average to above-average; the French Onion soup filling yet not overly impressive, and the desserts not brilliant in any way.	food	1
However, go for the ambience, and consider the food just a companion for a trip across the world!	ambience	1
The pizza was delivered cold and the cheese wasn't even fully melted!	pizza	-1
The pizza is overpriced and soggy.	pizza	-1
Yes, they use fancy ingredients, but even fancy ingredients don't make for good pizza unless someone knows how to get the crust right.	ingredients	1
I think I've had some the best meals of my life at minnow.	meals	1
The seafood is amazing, there's a good wine list, and the ever-changing menu always offers some great surprises.	seafood	1
The combination of super-fresh ingredients in the dishes are unusual but really delicious.	ingredients	1
Best Pastrami I ever had and great portion without being ridiculous.	Pastrami	1
My wife had the fried shrimp which are huge and loved it.	fried shrimp	1
As a Japanese native, I've lived in the Tristate area for over 8 years, but I was just so amazed at this place.	place	1
This place is the most Japanese it can ever get.	place	1
The signs, the specials menus, food, and even all the waitstaff are ALL TOTALLY Japanese.	signs	1
This place is worth an one-hour drive.	place	1
Leon is an East Village gem: casual but hip, with well prepared basic French bistro fare, good specials, a warm and lively atmosphere.	Leon	1
My wife and I always enjoy the young, not always well trained but nevertheless friendly, staff, all of whom have a story.	staff	1
Decent wine at reasonable prices.	wine	0
Everytime I decide to try another place on the UES, I get angry that I didn't just go to Zucchero Pomodori.	Zucchero Pomodori	1
This is by far my favorite place in the neighborhood.	place	1
The service is excellent, the decor is great, and the food is delicious and comes in large portions.	service	1
I'm partial to the Gnocchi.	Gnocchi	1
This place is incredibly tiny.	place	-1
The hostess is rude to the point of being offensive.	hostess	-1
The food was bland oily.	food	-1
We have been to this place many times, and always have great food, wine, and service.	food	1
We were worried we would have trouble getting in, but somehow managed to have a short wait.	wait	1
When we sat, we got great and fast service.	service	1
The people that work there are always so friendly you forget you are in New York sometimes.	people	1
Make sure you try this place as often as you can.	place	1
This is a fun restaurant to go to.	restaurant	1
The pizza is yummy and I like the atmoshpere.	pizza	1
But the pizza is way to expensive.	pizza	-1
A large is $20, and toppings are about $3 each.	toppings	-1
I went there for lunch and it was not as good as I expected from the reviews I read.	lunch	-1
Sauce was watery and the food didn't have much flavor.	Sauce	-1
The waitress was very patient with us and the food is phenomenal!	waitress	1
Service was prompt, friendly and great.	Service	1
Great pizza and fantastic service.	pizza	1
There was a small wait, but shorter than I expected.	wait	1
Located at the end of a magnificent block.	block	1
This is the best sushi in new york city - hands down.	sushi	1
The place is small and cramped but the food is fantastic.	place	1
Get the tuna of gari.	tuna of gari	1
Planet Thailand has always been a hit with me , I go there usually for the sushi, which is great , the thai food is excellent too .	Planet Thailand	1
With the great variety on the menu , I eat here often and never get bored .	menu	1
The atmosphere isn't the greatest , but I suppose that's how they keep the prices down .	atmosphere	0
It's all about the food !!	food	1
first it took us a long time to find the place.	place	-1
but when we looked at the menu, there weren't a lot of choices, most of them were dumplings in the appetizer section.	menu	-1
those rolls were big, but not good and sashimi wasn't fresh.	rolls	0
Try the crunchy tuna, it is to die for.	crunchy tuna	1
First went here to enjoy their garden terrace.	garden terrace	1
The food was amazing, and the service was prompt and helpful, but not over-bearing or rushed.	food	1
The Steak Tartare is a great bet, they fix it for you at the table.	Steak Tartare	1
Admittedly some nights inside the restaurant were rather warm, but the open kitchen is part of the charm.	restaurant	1
Great wine selection, Gigondas is worth the price, and the house champagne is a great value.	wine selection	1
It may be a bit packed on weekends, but the vibe is good and it is the best French food you will find in the area.	vibe	1
Have recommended the place to friends, always gets good response.	place	1
I take all my NYC guests to VT's.	VT's	1
Not sure where the previous reviewer, lonk, dined, but Saul is in a great neighborhood and has great food!	neighborhood	1
I'd highly recommend it for a special occasion -- it provides and intimate setting and nice service.	setting	1
I'm not sure where the other reviewers ate but it seems as if we visited two different restaurants because my friends and I all enjoy Mizu very much... and we're repeat customers.	Mizu	1
Moules were excellent, lobster ravioli was VERY salty!	Moules	1
Took my mom for Mother's Day, and the maitre d' was pretty rude.	maitre d'	-1
Tiny dessert was $8.00...just plain overpriced for what it is.	dessert	-1
The drinks are always welll made and wine selection is fairly priced.	drinks	1
Try their chef's specials-- they are to die for.	chef's specials	1
Service is not exactly five star, but thats not really a big deal.	Service	0
Downstairs lounge is always a good attraction	Downstairs lounge	1
Raga's is a romantic, cozy restaurant.	Raga's	1
The exotic food is beautifully presented and is a delight in delicious combinations.	exotic food	1
The staff is incredibly helpful and attentive.	staff	1
The bar is very well stocked with interesting beers and well priced wines.	bar	1
When we stumbled on Leon, we thought that we had found quite the gem BUT, we were certainly wrong.	Leon	-1
The waitress moved our table practically into the bathroom and when we asked to cancel our dinner orders because we did not want to eat sitting on the toilet, we were told no...	waitress	-1
Rude service, medicore food...there are tons of restaurants in NY...stay away from this one	service	0
I had a grat time at Jekyll and Hyde!	Jekyll and Hyde	1
I loved everythig about it-especially the shows and actors.	shows	1
Our server was very helpful and friendly.	server	1
The food was good too.	food	1
The tuna and wasabe potatoes are excellent.	tuna	1
The outdoor atmosphere of sitting on the sidewalk watching the world go by 50 feet away on 6th avenue on a cool evening was wonderful.	outdoor atmosphere	1
Service was prompt and courteous.	Service	1
The pizza is delicious - they use fresh mozzarella instead of the cheap, frozen, shredded cheese common to most pizzaria's.	pizza	1
Two complaints- their appetizer selection stinks, it would be nice to get some mozzarella sticks on the menu.	appetizer selection	-1
Wait staff is blantently unappreciative of your business but its the best pie on the UWS!	Wait staff	1
By far the best salad I have had in a fast food restaurant.	salad	1
fine dining restaurant quality.	dining	1
On a recent Sunday afternoon, a friend and I accidently found this great restaurant on our way to see the pulitzer prize winning play DOUBT.	restaurant	1
The chicken pot pie is excpetiona, the cheeseburger huge and delictable, and the service professional wan warm.	chicken pot pie	1
The staff is no nonsense.	staff	1
The food options rule.	food	1
When I lived upstate for a while I would buy freeze the bagels and they would still be better than any else.	bagels	1
Worth visiting the 1st Ave spot because it is the original store.	1st Ave spot	1
He served me an Uni Hand roll, which I never had before, and let me tell you...IT WAS HEAVEN!	Uni Hand roll	1
The sake menu should not be overlooked!	sake menu	1
Try the lobster teriyaki and the rose special roll.	lobster teriyaki	1
Service was very good - prompt, attentive and non-intrusive.	Service	1
Food was very good as well, considering that we tried the budget selection (though I wish the pork belly that I ordered was roasted a bit longer, so that fat was more of a melt-in-your-mouth experience).	Food	1
Wine list selection is good and wine-by-the-glass was generously filled to the top.	Wine list selection	1
Traditional French decour was pleasant though the hall was rather noisy - the restaurant was full and we had to raise our voices to be able to maintain a conversation.	Traditional French decour	1
I've been to at Cafe Spice probably 5-8 times, it is probably still the best Indian restaurant around Union Square.	Cafe Spice	1
To sum it up: Service varies from good to mediorce, depending on which waiter you get; generally it is just average Ok. 	Service	0
Food is usually very good, though ocasionally I wondered about freshmess of raw vegatables in side orders.	Food	1
The decor is vibrant and eye-pleasing with several semi-private boths on the right side of the dining hall, which are great for a date.	decor	1
I have NEVER been disappointed in the Red Eye.	Red Eye	1
The first time I went, and was completely taken by the live jazz band and atmosphere, I ordered the Lobster Cobb Salad.	live jazz band	1
It's simply the best meal in NYC.	meal	1
You cannot go wrong at the Red Eye Grill.	Red Eye Grill	1
If we were to move from the upper east side, we would genuinely miss this restaurant.	restaurant	1
The restaurant is cute but not upscale.	restaurant	0
The food is a diamond in rough -- the food is delicious and homemade with the perfect balance of herbs and tomatoes.	food	1
We had a great time at the Jekyll and hyde Pub last night.	Jekyll and hyde Pub	1
After really enjoying ourselves at the bar we sat down at a table and had dinner.	bar	1
The server was really cool and served us our food and drinks with a smile.	server	1
The place's decor and hidden bathrooms made for a good laugh.	decor	1
I highly recommend visiting this restaurant and having dinner and drinks!	restaurant	1
If you are the type of person who likes being scared and entertained, this is a great place to go and eat.	place	1
My husband and I thougt it would be great to go to the Jekyll and Hyde Pub for our anniversary, and to our surprise it was fantastic.	Jekyll and Hyde Pub	1
The have over 100 different beers to offer thier guest so that made my husband very happy and the food was delicious, if I must recommend a dish it must be the pumkin tortelini.	beers	1
Please take my advice, go and try this place.	place	1
The bagel was huge.	bagel	1
The workers there also absolutely load the bagel with cream cheese (gets a little messy).	bagel	-1
This was my frist time at Cafe St. Bart's and I must say how delicous the food and the service was.	food	1
I have to highly recommend the lobster roll - not to much mayo; you can tell it was a fresh lobster.	lobster roll	1
Other guests enjoyed pizza, santa fe chopped salad and fish and chips.	pizza	1
I highly recommend Cafe St. Bart's for their food, the ambience and wonderful service.	food	1
All the staff is absolutely professional!! 	staff	1
This restaurant was way overhyped.	restaurant	-1
My chow fun and chow see was really bland and oily.	chow fun and chow see	-1
The scallion pancakes and fried dumplings were nothing out of the ordinary.	scallion pancakes	0
The service was the only thing good about this restaurant.	service	1
It's boring on the inside, and our sushi was pretty below average... the tuna was soggy and the other rolls had no flavor.	sushi	-1
Their pad penang is delicious and everything else is fantastic.	pad penang	1
The price is reasonable although the service is poor.	service	-1
fresh restaurant was amazing........ food was delicious and of course fresh.	fresh restaurant	1
Hats off to the chef.	chef	1
the salads are delicious, both refreshing and very spicy.	salads	1
We had Pam's special fried fish and it was amazing.	Pam's special fried fish	1
I didn't complain, I liked the atmosphere so much.	atmosphere	1
Ambience is so cute and quaint, good for business although we were there on vacation.	Ambience	1
Although we were looking for regular lettuce and some walnuts the salads we got were great.	salads	1
Ingredients are organic which is a real plus for me.	Ingredients	1
This is some really good, inexpensive sushi.	sushi	1
The spicy Tuna roll is huge and probably the best that I've had at this price range.	spicy Tuna roll	1
The Yellowtail was particularly good as well.	Yellowtail	1
I have reservations about the all you can eat deal, however -- the choices are fairly limited and you can probably order more food than you can eat for less than $18 by just going off the menu.	all you can eat deal	-1
In any event, this is a place I'll be sure to stop by again when I'm in this part of town.	place	1
Big Wong gets big Ups for a fine establishment.	Big Wong	1
They have it all -- great price, food, and service.	food	1
The atmosphere is noisy and the waiters are literally walking around doing things as fast as they can.	atmosphere	1
And it all comes at a very reasonable price (congee, noodles, and rice dishes are no more than $3-6 each).	congee	1
The takeout is great too since they give high quality tupperware as well.	takeout	1
This place is always very crowded and popular.	place	1
Enjoyed a very nice Caesar Salad while my wife had arugula and goat cheese....both very tasty.	Caesar Salad	1
We both opted for a pasta dish and they were served timely and fresh.	pasta dish	1
We concluded with tiramisu chocolate cake, both were delicious.	tiramisu chocolate cake	1
I recently went to this restaurant with some co-workers for lunch and had an amazing time.	restaurant	1
The staff was accomodating, the food was absolutely delicious and the place is lovely.	staff	1
We even had a visit from the Manager who wanted to make sure we were enjoying ourselves.	Manager	1
sometimes i get good food and ok service.	food	1
sometimes i get bad food and bad service, sometimes i get good good and bad service.	food	1
The place is a BISTRO which means: simple dishes and wine served efficiently in a bustling atmosphere.	dishes	1
And where does Patis go wrong; no where. 	Patis	1
And evaluated on those terms Pastis is simply wonderful.	Pastis	1
Mine was a little burnt but still delicious with goat cheese and panchetta (raddichio was kind of bitter though).	raddichio	-1
My friend got the mushroom pizza which tasted better.	mushroom pizza	1
The sangria was pretty tasty and good on a hot muggy day.	sangria	1
Kind of a small place but I guess if they are not too busy might be able to fit a group or kids.	place	0
Service was slow, but the people were friendly.	Service	1
It's a nice place to relax and have conversation.	place	1
The food is authentic Italian - delicious!	food	1
Pizza is terrific, as is homemade pasta.	Pizza	1
Ambience is delightful, service impeccable.	Ambience	1
I'm still mad that i had to pay for lousy food.	food	-1
The hanger steak was like rubber and the tuna was flavorless not to mention it tasted like it had just been thawed.	hanger steak	-1
Service was also horrible and the ambience is not that great.	Service	-1
I go and eat out at many different restaurants and this is one place you have go and try.	place	1
This is my first time writing a review for a restaurant because the food and service was excellent.	food	1
The filet mignon dish was superb!	filet mignon dish	1
It's a small cute restaurant.	restaurant	1
I absolutely love this place!!!	place	1
I like the ambience, it's very dark and original.	ambience	1
The sushi is amazing!!! 	sushi	1
Very affordable and excellent ambient!	ambient	1
We ordered some beef and noodle soup dishes from the Thai section of the menu but nothing we got was Thai.	beef and noodle soup dishes	-1
We won't go to this place again for a good meal.	meal	-1
My Girlfriend and I stumbled onto this hopping place the other night and had a great time!	place	1
THe Pizza and wine were excellent-the service too--but what really MADE this place was the backyard dining area.	Pizza	1
Check this place out!	place	1
First of all, this place is *not* romantic, as claimed by Citysearch's editorial review.	place	-1
Slightly above average wines start at $70+ with only one selection listed at $30+.	wines	-1
Service is not what one would expect from a joint in this price category.	Service	-1
Somehow working the italian charm with constant mille grazie does not constitute proper service.	service	-1
To be completely fair, the only redeeming factor was the food, which was above average, but couldn't make up for all the other deficiencies of Teodora.	food	1
Fish was overdone.	Fish	-1
Cute place, nice wait staff but would never go there again.	place	1
Someone else recommended the dessert - we also left that.	dessert	-1
One of us actually liked the expresso - that's it.	expresso	1
Skip this restaurant, it's a big disappointment.	restaurant	-1
Myagi is one of my favorite restaurants in the City; the place the negative reviews describe sound like they were somewhere else.	Myagi	1
Their tuna tartar appetizer is to die for.	tuna tartar appetizer	1
I come from a family of pizzeria owners, and I'm almost ashamed to say that the pizza in Fornino's blows my families receipies away.	pizza	1
The place is so cool and the service is prompt and curtious.	place	1
I highly recommend to anyone to give this place a try.	place	1
A restaurant that doesn't try to do anything except serve great food with great service in a pleasant atmosphere.	food	1
No gimmicks here -- the food speaks for itself in its freshness and preparation.	food	1
The service was impeccable and unobtrusive -- the staff knows what they are there to do -- to know their menu, present your meal, and attend to your needs.	service	1
Looking around, I saw a room full of New Yorkers enjoying a real meal in a real restaurant, not a clubhouse of the fabulous trying to be seen.	meal	1
The view is breathtaking the service is top notch... the ambiance is wonderfull.	view	1
The staff offers impeccable service.	staff	1
I had Lobster Bisque it has 2 oz. of Maine Lobster in it.	Lobster Bisque	1
My boyfriend had the New England Chowder it was good but I think the award should go to the Lobster Bisque.	New England Chowder	1
My boyfriend had Prime Rib it was good .	Prime Rib	1
We didn't want a bottle of bubbly on a weekday so we each got little bottles of Korbett it was just enough. 	bottles of Korbett	1
My wife and I ate here earlier this week and have not stopped ranting and raving about the food.	food	1
If you like spicy food get the chicken vindaloo.	chicken vindaloo	1
Go to Volare for 1st class service and terrific food.	service	1
The wine list is excellent.	wine list	1
The food is amazing... especially if you get the Chef's tasting menu and your favourite bottle (or two!) of wine from an extensive selection of wines.	food	1
The place is small and intimate and you may feel a little crowded, but the service is excellent and it's great for friends out, a romantic date, or a special occassion.	place	1
The food can get pricey but the prixe fixe tasting menu is the greatest food for a good price and they cater the food to any food allergies or food you don't like.	food	1
With the exception of our lemon salad that had so much pepper on it that our eyes started watering, the food here was decent, not great.	lemon salad	0
We ordered the special, grilled branzino, that was so infused with bone, it was difficult to eat.	grilled branzino	-1
The decor in this place is very diner-ish and the kind of place you expect in the East Village - not romantic, just simple, small and sparse.	decor	0
Problem is nothing at Prune is particularly memorable.	Prune	-1
This place is so much fun.	place	1
Our food was great too!	food	1
And really large portions.	portions	1
The staff was the friendliest that have seen in New York.	staff	1
If you want something really different than try Jekyll and Hyde.	Jekyll and Hyde	1
The food was pretty tradional but it was hot and good with large portions.	food	1
The characters really make for an enjoyable experience.	characters	1
The food however, is what one might expect.	food	-1
However, I think Jeckll and Hydes t is one of those places that is fun to do once.	Jeckll and Hydes	1
Service was slow had to wait to order and get food although not crowded.	Service	-1
Drinks way over priced.	Drinks	-1
Food was good not great not worth the wait or another visit	Food	0
Great pizza for lunch place.	pizza	1
Service was quick.	Service	1
The pizza was great.	pizza	1
Have the iced tea.	iced tea	1
Whenever you need a Sushi fix, Mizu will be there with quality fish and great service.	fish	1
Delivery is fast too.	Delivery	1
Great friendly service, Fast seating, Fast Delivery, Excellent sushi.	service	1
Ess-A-Bagel (either by Sty-town or midtown) is by far the best bagel in NY.	bagel	1
The bagels always warm, soft on the inside, crispy on the outside and enormous in size.	bagels	1
They have a huge selection of different cream cheeses and all of their salads are great.	cream cheeses	1
The lox is always fresh too.	lox	1
Not impressed with the food.	food	-1
Prices too high for this cramped and unappealing resturant.	resturant	-1
Zero ambiance to boot.	ambiance	-1
The ambience was nice, but service wasn't so great.	ambience	1
This is the BEST Shabu-Shabu Restaurant in the Try-State Area.	Shabu-Shabu Restaurant	1
I have lived in Japan for 7 years and the taste of the food and the feel of the restaurant is like being back in Japan.	food	1
Thius is a must for anyone who loves Shabu-Shabu.	Shabu-Shabu	1
The atmosphere is nothing special, but it feels like a Sushi establishment in Tokyo.	atmosphere	1
The owner and staff are all Japanese as well and that adds to the entire ambiance.	owner	1
Despite a slightly limited menu, everything prepared is done to perfection, ultra fresh and a work of food art.	menu	-1
Taxan delicious!	Taxan	1
The prices were CHEAP compared to the quality of service and food.	service	1
The location and ambience is Ok but the food is what makes up for it.	location	1
Try green curry with vegetables.	green curry with vegetables	1
I had the best ravioli ever.	ravioli	1
The wine the service was very good too.	wine	1
This quaint and romantic trattoria is at the top of my Manhattan restaurant list.	trattoria	1
The food is delicious - from the specials to the regular menu-fare, the dishes are never a disappointment.	food	1
Although the tables may be closely situated, the candle-light, food-quality and service overcompensate.	tables	1
I have known about this secret for the last 13 years, Emilio(the Godfather) has continued to serve food and wine for the gods at mortal prices.	food	1
If you go, try the marinara/arrabiatta sauce, the mozzarella en Carozza is mmmmmmmm..... everything is just delicious.	marinara/arrabiatta sauce	1
Check out the secret back room.	back room	1
Thank You Emilio.	Emilio	1
The food was authentic.	food	1
The service was excellent - friendly and attentive.	service	1
Very good wine choices.	wine choices	1
Who has room for Cheesesticks with the best pizza in NYC!	pizza	1
Get the pepperoni - YUM - and a family style salad.	pepperoni	1
Always great service!	service	1
The food is good, I can't lie.	food	1
But the staff was so horrible to us.	staff	-1
We were planning to get dessert but the waitress basically through the bill at us before we had a chance to order.	waitress	-1
This place is pricey, and yes, the food is worth it; but the service makes you feel like you should be paying a quater of the price.	place	1
Amma is nothing special.	Amma	0
I ate here a week ago and found most dishes average at best and too expensive.	dishes	-1
Don't dine at Tamarind for the vegetarian dishes, they are simply not up to par with the non-veg selections.	vegetarian dishes	1
Decor is nice though service can be spotty.	Decor	1
This place is always packed.	place	0
Most importantly, food is excellent.	food	1
First of all Dal Bukhara Rocks.	Dal Bukhara	1
I am happy i did the food was awsome.	food	1
and yes Dal Bukhara is so dam good and so are all the kababs.	Dal Bukhara	1
Haru on Park S is simply disgusting.	Haru on Park S	-1
The fish was not fresh and the rice tasted old and stale.	fish	-1
Quite frankly, this is some of the worst sushi I have ever tried.	sushi	-1
honestly the worst sushi my husband and i had in our entire lives.	sushi	-1
not sure why this restaurant would be rated that highly.	restaurant	-1
the all-u-can-eat sushi is definitely in very poor quality.	all-u-can-eat sushi	-1
limited menu, no-so-fresh ingredients, thinly-sliced fish, fall-apart rice. 	menu	-1
the only things u could really taste are the very salty soy sauce (even its low sodium), the vinegar-soaked rice, and the scallion on top of the fish. 	soy sauce	-1
the waitstaffs are nice though.	waitstaffs	1
I have been to Roth's twice and both times were very disappointing.	Roth's	-1
Both times I was extremely dissappointed by the service, which was boarderline rude.	service	-1
I had their eggs benedict for brunch, which were the worst in my entire life, I tried removing the hollondaise sauce completely that was how failed it was.	eggs benedict	-1
With the theater 2 blocks away we had a delicious meal in a beautiful room.	meal	1
The service was attentive.	service	1
Planet Thai is great!	Planet Thai	1
We love the food, drinks, and atmosphere!	food	1
The svc can be a bit rude at times, esp if you have big group, but overall the restaurant is a must!	svc	1
Try the Pad Thai, it's fabulous and their prices are so cheap!	Pad Thai	1
Just because it's cheap does NOT mean the portions are small or the food is nasty, IT IS GREAT!	portions	1
Also, the sandwiches (nearing $7) didn't come with anything like chips or a side.	sandwiches	-1
Eating in, the atmosphere saves it, but at your desk, it's a very disappointing experience.	atmosphere	1
Chennai Garden is my favorite Indian restaurant in the city.	Chennai Garden	1
They have authentic Indian at amazin prices.	Indian	1
This restaurant is VEGETARIAN; there are NO MEAT dishes whatsoever.	dishes	-1
The seats are uncomfortable if you are sitting against the wall on wooden benches.	seats	-1
Patroon features a nice cigar bar and has great staff.	cigar bar	1
The food is tasty and portion sizes are appropriate.	food	1
This is a nice restaurant if you are looking for a good place to host an intimate dinner meeting with business associates.	restaurant	1
Not a great place for family or general dining.	place	-1
LLOOVVE THIS PLACE.	PLACE	1
Food is excellent.	Food	1
Fish is so very fresh.	Fish	1
Waitstaff are very friendly.	Waitstaff	1
Love YUKA.	YUKA	1
Mermaid Inn is an overall good restaurant with really good seafood.	Mermaid Inn	1
The menu is limited but almost all of the dishes are excellent.	menu	1
The lobster sandwich is good and the spaghetti with Scallops and Shrimp is great.	lobster sandwich	1
The service is good and ambience is good for a date or group outing.	service	1
The only fallback on this restaurant is the prices.	restaurant	-1
Even though its good seafood, the prices are too high.	seafood	1
The lobster sandwich is $24 and although it was good it was not nearly enough to warrant that price.	lobster sandwich	1
The food was delicious (I had a halibut special, my husband had steak), and the service was top-notch.	food	1
When my dessert came, there was a candle in it - not because anyone asked for one - but because the waiter must have seen me opening my birthday card and gift, and said he knew it was a special occassion of some sort.	waiter	1
Truly the mark of an attentive waiter.	waiter	1
I highly recommend the restaurant based on our experience last night.	restaurant	1
We ate at this Thai place following the reviews but very unhappy with the foods.	foods	-1
We thought that this place is using too much of MSG cooking in the foods.	foods	-1
I recommend the jelly fish, drunken chicken and the soupy dumplings, certainly the stir fry blue crab.	jelly fish	1
The food is so cheap and the waiters are nice.	food	1
Have frequented 'ino for several years and the food remains excellent.	food	1
Cheese plate is a varied delight and great bargain at $10.	Cheese plate	1
The large selection of bruschettas, paninis, tramezzinis keep the palate from stagnating.	bruschettas	1
(The asparagus, truffle oil, parmesan bruschetta is a winner!)	asparagus, truffle oil, parmesan bruschetta	1
Wine list is extensive without being over-priced.	Wine list	1
Be sure to try the seasonal, and always delicious, specials.	specials	1
I loved this place!!	place	1
I almost hesititate to write a review because the atmosphere was so great and I would hate for it too become to crowded.	atmosphere	1
The food was very good, a great deal, and the place its self was great.	food	1
The wait staff is very freindly, they make it feel like you're eating in a freindly little european town.	wait staff	1
I like Cafe Noir dont get me wrong, it is jsut that the people who work there are evil and incompetent!!	Cafe Noir	1
The service was terrible, we had to wait for everything and ask several of different people for the same thing before we were allowed to be served.	service	-1
The waitress, seems to be more concerned of looking good than actually waitressing.	waitress	-1
The whole set up is truly unprofessional and I wish Cafe Noir would get some good staff, because despite the current one this is a great place.	Cafe Noir	1
Salads are a delicious way to begin the meal.	Salads	1
You should pass on the calamari.	calamari	-1
Decor is charming.	Decor	1
What a great place.	place	1
The ambience was so fun, and the prices were great, on top of the fact that the food was really tasty.	ambience	1
I would definitely recommend SEA if you like thai cuisine!	thai cuisine	1
I was here a few weeks back and we had the worst customer service experience at a restaurant ever.	customer service	-1
I absolutely Loved this place.	place	1
Excellent atmosphere, delicious dishes good and friendly service.	atmosphere	1
The wine list is also really nice.	wine list	1
Everything was wonderful; food, drinks, staff, mileau.	food	1
I have been to Casimir over 5 times and I have always had a great time there.	Casimir	1
I have tried to make reservations, but both times, the hostess didn't have my name.	hostess	-1
If the weather is nice, try to snag an outside table.	outside table	1
The staff has been nice, but they seemed really stressed and the unisex bathroom needs to be cleaned more often.	staff	1
From the spectacular caviar to the hospitable waitstaff, I felt like royalty and enjoyed every second of it.	caviar	1
Considering we were the last patrons there and it was after the closing time, the waitstaff did not rush us at all and made us feel comfortable and relaxed.	waitstaff	1
I highly recommend Caviar Russe to anyone who wants delicious top grade caviar and fantastic service.	caviar	1
Nice Family owned traditional restaurant.	restaurant	1
Fresh ingredients and everything is made to order.	ingredients	1
Friendly staff that actually lets you enjoy your meal and the company you're with.	staff	1
I found the food to be outstanding, particulary the salmon dish I had.	food	1
My friends settled for rice dishes, but we came back the following day to try the dim sum, which was good...not outstanding, but good.	dim sum	0
We ate out in the back patio, which is worth it as it's cool and the music is hear well there.	back patio	1
Overall, excellent restaurant!	restaurant	1
The food was good.	food	1
The place was nice and calm.	place	1
but the service was a bit slow.	service	-1
The buffet had a nice selection.	buffet	1
Service was also very good.	Service	1
I got an excellent piece of cheesecake and we had several other nice pastries.	cheesecake	1
My son and his girlfriend both wanted cheeseburgers and they were huge!	cheeseburgers	0
Consequently, their burgers fell apart in their hands and made such a mess that they did'nt feel like finishing them.	burgers	-1
I had a huge pastrami sandwich on a roll.	pastrami sandwich on a roll	0
This place is really trendi but they have forgotten about the most important part of a  restaurant, the food.	place	1
The last two times I ordered from here my food was soo spicy that  I could barely eat it, and the spice took away from the flavor of the dish.	food	-1
If you want good authentic Thai this place is not the place to go.	Thai	-1
We went here for lunch a couple of weeks ago on a Saturday, and I was thoroughly impressed with the food.	food	1
The pesto pizza was excellent, thin-crust pizza with a nice amount of spicy Italian cheese that I'd never heard of before.	pesto pizza	1
THe back garden sitting area is very pleasant, where you can see their personal herb garden.	back garden sitting area	1
We had the lobster sandwich and it was FANTASTIC.	lobster sandwich	1
My husband said he could've eaten several more, the portion was fine for me he even exclaimed that the french fries were the best he has had.	portion	1
We waited at the bar and had martinis that were just right.	martinis	1
love the food.	food	1
it's the only place you can get yummy authentic japanese comfort food.	japanese comfort food	1
I've lived in NY for 5 years and this place has it all.	place	1
Great food, good size menu, great service and an unpretensious setting.	food	1
The dishes offered were unique, very tasty and fresh from the lamb sausages, sardines with biscuits, large whole shrimp to the amazing pistachio ice cream (the best and freshest I've ever had).	dishes	1
I'm glad I was introduced to this place and this is a rare gem in NY.	place	1
The freshest, best variety, and the fastest delivery.	delivery	1
The service was excellent and the food was delicious.	service	1
We are very particular about sushi and were both please with every choice which included: ceviche mix (special), crab dumplings, assorted sashimi, sushi and rolls, two types of sake, and the banana tempura.	sushi	1
Definitely a great spot for a nice occasion or date.	spot	1
Average to good Thai food, but terrible delivery.	Thai food	1
A Thai restaurant out of rice during dinner?	Thai restaurant	-1
The food arrived 20 minutes after I called, cold and soggy.	food	-1
This is a wonderful place on all stand points especially value ofr money.	place	1
An excellent service	service	1
We were greeted promptly by the waiter who was very nice and cordial.	waiter	1
She was very helpful in suggesting us drinks and helped us in ordering a lot of good dishes since we knew nothing about Indian food.	dishes	1
We ended our great experience by having Gulab Jamun (dessert) recommended by the waiter.	Gulab Jamun (dessert)	1
I thanked my friend who recommended me this restaurant and will certainly recommend it to others.	restaurant	1
Guacamole+shrimp appetizer was really great, we both had the filet, very good, didn't much like the frites that came with, but the filet was so good, neither of us cared.	Guacamole+shrimp appetizer	1
You cannot go wrong with this place.	place	1
The food is outstanding and the service is quick, friendly and very professional.	food	1
Always a nice crowd, but never loud.	crowd	1
I am reluctant to write because I would not want my jem of a pizza place to become overcrowded.	pizza place	1
By far, the best pizza in Manhattan.	pizza	1
The crust is thin, the ingredients are fresh and the staff is friendly.	crust	1
The menu has so many fish items and oysters.	menu	1
The fish was really,really fresh.	fish	1
I stumbled upon this great pizzeria as I explored my new neighborhood.	pizzeria	1
All of the pizzas are terrific and the price is even better!	pizzas	1
I highly recommend the Sophia pizza.	Sophia pizza	1
The food was mediocre at best but it was the horrible service that made me vow never to go back.	food	-1
Immediately after we paid, the waiter took the money and said, okay, you guys are outta here.	waiter	-1
For the people who want great food plus great service, Roxy is a place to AVOID!	food	-1
The first time the sushi was outstanding, the second time it was a little bland.	sushi	1
The blond wood decor is very soothing, the premium sake is excellent and the service is great.	blond wood decor	1
Mizu is the Japenese find in Grammercy.	Mizu	1
While their kitchen food is delicious, their Sushi is out of this world.	kitchen food	1
Mizu is home to creative and unique rolls not to found anywhere else.	rolls	1
Not only is the cuisine the best around, the service has always been attentive and charming.	cuisine	1
Warning: You may find it difficult to dine at other Japanese restaurants after a visit to Mizu!	Mizu	1
Thalia is a beautiful restaurant with beautiful people serving you, but the food doesn't quite match up.	Thalia	1
The entree was bland and small, dessert was not inspired.	entree	-1
I expected quite a bit more from such an expensive menu.	menu	-1
The view is spectacular, and the food is great.	view	1
Wonderful strawberry daiquiries as well!	strawberry daiquiries	1
Authentic Taiwanese food that's cheap... what more could you ask for?	Taiwanese food	1
The cold appetizer dishes taste like the way I remember them to taste when I was growing up in Taiwan.	cold appetizer dishes	1
delicious simple food in nice outdoor atmosphere.	food	1
Kind, attentive wait staff.	wait staff	1
I really like both the scallops and the mahi mahi (on saffron risotto-yum!).	scallops	1
My friend devoured her chicken and mashed potatos.	chicken and mashed potatos	1
Even if the food wasn't this good, the garden is a great place to sit outside and relax.	food	1
Great neighborhood joint.	joint	1
This is a nice pizza place with good selection of thin crust pizza including the Basil slice.	pizza place	1
Their calzones are horrific, bad, vomit-inducing, YUCK.	calzones	-1
The counter service is bad.	counter service	-1
NO PIZZA 33 for me!	PIZZA 33	-1
The dosas are skimpy, unattractive and drip with grease, and personally I'd drink popcorn topping before I'd eat another one of these.	dosas	-1
Calling the place Hampton Chutney Co. does warn you that these folks offer more style than substance, but in this unattractive room with unhelpful clerks there was a dearth of the former too.	place	-1
Seriously, this place kicks ass.	place	1
Best Italian food I ever had (and being Italian, that means alot).	Italian food	1
This is such a lovely, peaceful place to eat outside.	place	1
The restaurant looks out over beautiful green lawns to the Hudson River and the Statue of Liberty.	restaurant	1
Unique apppetizers.	apppetizers	1
Try sushimi cucumber roll.	sushimi cucumber roll	1
Good spreads, great beverage selections and bagels really tasty.	spreads	1
But who says Murray's is anything about service.	service	-1
The service is awful.	service	-1
This place is not worth the prices.	place	-1
Love Pizza 33..	Pizza 33	1
I will be out with friends and all of a sudden I am hungry and I only crave one thing... their Pizza.	Pizza	1
This tiny Williamsburg spot is always pleasantly surprising.	Williamsburg spot	1
The pizza is delicious and the proprietor is one of the nicest in NYC.	pizza	1
The cream cheeses are out of this world and I love that coffee!!	cream cheeses	1
I asked for an open faced cheese sandwich and the manager basically told me to take my business elsewhere!	manager	-1
Be sure not to get anything other than bagels!..	bagels	1
the turkey burgers are scary!	turkey burgers	-1
The worst excuse for Japanese food I've ever encountered.	Japanese food	-1
The soup for the udon was soy sauce and water.	soup for the udon	-1
The sushi was awful!	sushi	-1
The rice was poor quality and was cooked so badly it was hard.	rice	-1
Furthermore, the rice had no seasoning, so the sushi was bland and disgusting.	rice	-1
It is obvious that no one in the restaurant has any idea about or experience with Japanese cuisine.	Japanese cuisine	-1
Good, fast service.	service	1
Food is great and inexpensive.	Food	1
The location is perfect.	location	1
Well, this place is so Ghetto its not even funny.	place	-1
If you like your music blasted and the system isnt that great and if you want to pay at least 100 dollar bottle minimun then you'll love it here.	music	-1
Awsome Pizza especially the Margheritta slice.	Pizza	1
Great atmoshere and worth every bit.	atmoshere	1
Winnie and her staff are the best crew you can find serving you.	Winnie	1
The food is reliable and the price is moderate.	food	1
Try the Pad Thai, or sample anything on the appetizer menu...they're all delicious.	Pad Thai	1
Everything about this restaurant was special.	restaurant	1
The service was attentive, yet discreet.	service	1
The brioche and lollies as party favors is a cute and sweet touch to a most memorable meal.	brioche and lollies	1
The place was quiet and delightful.	place	1
Service was good and food is wonderful.	Service	1
It is definitely a good spot for snacks and chat.	spot	1
As a retired hipster, I can say with some degree of certainty that for the last year Lucky Strike has been the best laid-back late night in the city.	Lucky Strike	1
The food is yummy, especially their cooked-to-perfection mussels in spicy tomato sauce and their shoestring crispy fries.	food	1
But the best part about LS is the late night atmosphere, delightfully free of the BTs.	late night atmosphere	1
You can get a completely delish martini in a glass (that's about 2 1/2 drinks) for $8.50 (I recommend the Vanilla Shanty, mmmm!) in a great homey setting with great music.	martini	1
The in-house lady DJ on Saturday nights has outrageously good taste in music, and moreover, takes requests.	in-house lady DJ	1
You can't go wrong with this place.	place	1
Suan is a great place that I often take my friends (classmates) too.	Suan	1
I LOVE their Thai	Thai	1
noodles with shrimp and chicken and coconut juice is the MUST!	noodles with shrimp and chicken and coconut juice	1
I will go back to Suan soon!	Suan	1
In summer-eat outside on a terrace (another great feature of Suan)!!!	terrace	1
I cannot imagine a friendlier staff working in a restaurant.	staff	1
I cannot imagine better Indian food in all of the city.	Indian food	1
During the course of the past 3 months, the chef and staff changed and it was not for the better.	chef	-1
The food now is inconsistent.	food	-1
This is the kind of place you'd like to take all your friends to and still keep a secret.	place	1
The setting is casual and romantic.	setting	1
The food is excellent! 	food	1
Do not get the Go Go Hamburgers, no matter what the reviews say.	Go Go Hamburgers	-1
The rest of the dim sum, though pricey by Chinatown standards, is worth it.	dim sum	-1
The wait here is long for dim sum, but if you don't like sharing tables or if the typical raucous dim sum atmosphere is not your gig, this is a sleek (for Chinatown) alternative.	wait	-1
A few tips: skip the turnip cake, roast pork buns and egg custards.	turnip cake	-1
The food was exceptional.	food	1
I choose to go with one of the special, the braised lamb shank in red wine, which was excellent.	braised lamb shank in red wine	1
The service was friendly and the atmosphere was casual.	service	1
The restaurant is a bit noisy but that is something that can be overlooked once you sit down and enjoy a great meal	restaurant	1
this little place has a cute interior decor and affordable city prices.	place	1
Have eaten at Ginger House several times, and it's always good.	Ginger House	1
The fried dumplings are GREAT!	fried dumplings	1
Finally a reliable Chinese restaurant!	Chinese restaurant	1
This place would be so much better served by being run by a group that actually understands customer service.	customer service	-1
Terrible, terrible management - deserves to be shut-down.	management	-1
delicious bagels, especially when right out of the oven.	bagels	1
Spreads and toppings are great - though a bit pricey.	Spreads	1
The food is decent at best, and the ambience, well, it's a matter of opinion, some may consider it to be a sweet thing, I thought it was just annoying.	food	-1
Rao is a good restaurant, but it's nothing special.	Rao	0
But after last night, Spice Grill is the only place I'm eating indian cuisine.	indian cuisine	1
You must try the shrimp appetizers.	shrimp appetizers	1
This place has the the correct ambience and an excellent staff to make you feel like a guest and a friend at the same time.	ambience	1
Great food, great prices, great service.	food	1
If you are looking for a good quality, cheap eats - this is the place.	eats	1
it's a perfect place to have a amanzing indian food.	indian food	1
I really loved the different and inovated touch that's the cheff gives to the food.	cheff	1
also it's great to have dinner in a very romantic and confortable place, the service it's just perfect...they're so frendly that we never want to live the place!	place	1
Their bagels are fine, but they are a little overcooked, and not really a 'special' bagel experience.	bagels	-1
Great bagels made the old-fashioned way.	bagels	1
Drawbacks: service is slow and they don't toast!	service	-1
The food was absolutely amazing!!	food	1
The baked clams octopus we shared as appetizers were the best we've ever had!! 	baked clams octopus	1
The lamb was tender so full of flavor, the dessert was divine!!	lamb	1
The waiter was attentive.	waiter	1
The place itself is beautiful the bar scene seems to be happening.	place	1
Downtown Dinner 2002 - Prixe fix: Appetizers were ok, waiter gave me poor suggestion..try the potato stuff kanish best one.	Appetizers	1
Small servings for main entree, i had salmon (wasnt impressed) girlfriend had chicken, it was good.	servings for main entree	1
Dessert is a joke...dont bother	Dessert	-1
Volare virgins or weekly regulars, everyone gets treated the same and you can't ask for more than that when the service is this friendly.	service	1
The restaurant has a Family feel, not least with regard to the portions which are enormous; the veal alone could have single-handedly solved third world famine.	feel	1
The anti-pasta was excellent, especially the calamari, as were the filling pasta mains.	anti-pasta	1
The wine list is extensive and can easily hike up an otherwise reasonably priced meal.	wine list	1
Still, any quibbles about the bill were off-set by the pour-your-own measures of liquers which were courtesey of the house...	measures of liquers	1
Fantastic place.	place	1
Lucky Strike is a great casual place to just grab a bite to eat.	Lucky Strike	1
(Always ask the bartender for the SEASONAL beer!!!	SEASONAL beer	1
Excellent spot for holiday get togethers with co-workers or friends that you haven't seen in a while.	spot	1
I have been doing all of the above at the Heartland Brewery for over 5 years now and I HAVE NEVER BEEN DISAPPOINTED!	Heartland Brewery	1
What a great place!	place	1
Not the typical NYC gimmick theme restaurant.	restaurant	1
A cool bar with great food, and tons of excellent beer.	bar	1
The shrimp scampi was excellent and the antipasti were plentiful.	shrimp scampi	1
If you venture off the island of Manhattan and can't seem to find a great Italian restaurant, drive to Corona.	Corona	1
The only thing more wonderful than the food (which is exceptional) is the service.	food	1
The only thing the waiters don't do for you is wipe your chin when you leave.	waiters	1
Cozy romantic atomosphere with only around 15 tables at most.	atomosphere	1
Service was very prompt but slightly rushed.	Service	1
Food was very good, but not what I would consider out of this world.	Food	0
Too bad the food wasn't of the same heritage.	food	-1
But that wasn't the icing on the cake: a tiramisu that resembled nothing I have ever had.	tiramisu	-1
I really liked this place.	place	1
This place has the best Chinese style BBQ ribs in the city.	BBQ ribs	1
I also recommend the rice dishes or the different varieties of congee (rice porridge).	rice dishes	1
It's definately not a place to go if you want to impress someone.	place	-1
However, if you want great food at a great price and don't mind the decor, you can't beat this place.	food	1
Quick and friendly service.	service	1
When you're sitting in their main dining room (which has a spectacular, hand-painted high ceiling) you'd never know there was a world outside.	main dining room	1
The food is wonderful, tasty and filling, and the service is professional and friendly.	food	1
I can't wait for summer, when they serve outside on their gigantic patio.	patio	1
This little place definitely exceeded my expectations and you sure get a lot of food for your money.	place	1
The service was fast and friendly and the food was very tasty and they had the best hot sauce to add to your meals.	service	1
Good drink.	drink	1
I have never had cheescake like this.	cheescake	1
Great spot, whether looking for a couple of drinks or quiet dinner.	spot	1
Warm and friendly in the winter and terrific outdoor seating in the warmer months.	outdoor seating	1
The food is great and they have a good selecion of wines at reasonable prices.	food	1
While the ambiance and atmosphere were great, the food and service could have been a lot better.	ambiance	1
We ordered the chicken casserole, but what we got were a few small pieces of chicken, all dark meat and on the bone.	chicken casserole	-1
i've been to sapphire twice and both times the food was fine, if not good.	food	1
stick with the chicken, beef, and lamb dishes.	chicken	1
service is friendly, and never had a problem walking in and getting a table.	service	1
skip dessert.	dessert	-1
Best Reuben sandwich ever!	Reuben sandwich	1
Don't miss Bloom's on your next trip to Manhatten.	Bloom's	1
It was the first place we ate on our first trip to New York, and it will be the last place we stop as we head out of town on our next trip to New York.	place	1
Thanks Bloom's for a lovely trip.	Bloom's	1
The food was not fresh, the sauces were bland and very oily.	food	-1
Pizza was a little soggy.	Pizza	-1
Not enough wines by the glass either.	wines by the glass	-1
Service, however, was excellent...and I liked the setting/atmosphere a lot. 	Service	1
Food was just average...if they lowered the prices just a bit, it would be a bigger draw.	Food	0
This place is a great bargain.	place	1
Authentic Pakistani food.	Pakistani food	1
People are always friendly.	People	1
Don't waste money on decor.	decor	0
Just straight up cheap, good food.	food	1
The best pad thai i've ever had.	pad thai	1
The design and atmosphere is just as good.	design	1
The food was actually aweful.	food	-1
The mussles were the fishiest things I've ever tasted, the seabass was bland, the goat cheese salad was missing the goat cheese, the penne w/ chicken had bones in it... It was disgusting.	mussles	-1
Nice atmosphere, the service was very pleasant and the desert was good.	atmosphere	1
The jukebox plays everything from Italian Opera to The Strokes.	jukebox	1
The food is amazing, rich pastas and fresh doughy pizza.	food	1
Best of all is the warm vibe, the owner is super friendly and service is fast.	vibe	1
go here for the drinks!	drinks	1
the drinks are amazing and half off till 8pm.	drinks	1
Ask for Usha, the nicest bartender in manhattan.	Usha	1
My fav was the sassy lassi...	sassy lassi	1
I really recommend the very simple Unda (Egg) rolls.	Unda (Egg) rolls	1
Delicate spices, onions, eggs and a kick-ass roti.	spices	1
Toons has recently been redone, so it's now a very attractive space.	Toons	1
In an area sadly lacking in decent Thai food, this is one of the best spots.	Thai food	1
Went here last night - nice decor, good service, but the food was surprisingly excellent.	decor	1
The portions are HUGE, so it might be good to order three things to split (rather than one appetizer and entree per person) for two people.	portions	1
Best drumsticks over rice and sour spicy soup in town!	drumsticks over rice	1
Beef noodle soup is good as well.	Beef noodle soup	1
The service is good and the resturant is clean.	service	1
Best Taiwanese food in NY!	Taiwanese food	1
I have been to Rao's probably 15 times the past 3 years and it keeps getting better.	Rao's	1
Rao's has the best service and atmosphere in NYC.	service	1
My roommate and I LOVE this place.	place	1
We recently decided to try this location, and to our delight, they have outdoor seating, perfect since I had my yorkie with me.	outdoor seating	1
Indoor was very cozy and cute.	Indoor	1
The portion sizes here are huge, and the sushi is good.	portion	1
Staff is very accomodating.	Staff	1
I got the $10 10-piece dim sum combo, every bite of which was great.	$10 10-piece dim sum combo	1
The decor is very simple but comfortable.	decor	1
The food was delicious but do not come here on a empty stomach.	food	1
You must have the crabmeat lasagna which is out of this world and the chocolate bread pudding for dessert.	crabmeat lasagna	1
The staff there is very attentive and down to earth.	staff	1
Great Indian food and the service is incredible.	Indian food	1
The owner truly caters to all your needs.	owner	1
Great food and the prices are very reasonable.	food	1
The food here does a great service to the name (Cantonese that is...).	food	1
I fell in love with the egg noodles in the beef broth with shrimp dumplings and slices of BBQ roast pork.	egg noodles in the beef broth with shrimp dumplings and slices of BBQ roast pork	1
This dish is my favorite and I always get it when I go there and never get tired of it.	dish	1
Try the congee and the donut like deep fried dough they call Ow Ley Soh, a delicious and sweet tasting bread.	congee	1
Simply some good tasting Chinese food at incredible prices...	Chinese food	1
Big Wong is a great place to eat and fill your stomach.	Big Wong	1
whoever the jazz duo was, they were on POINT.	jazz duo	1
good music, great food, speedy service affordable prices.	music	1
even the wine by the glass was good.	wine by the glass	1
Consistently good Japanese Tapas.	Japanese Tapas	1
Always good drinks and service is pretty good;	drinks	1
Atmosphere is nice and relaxed too...	Atmosphere	1
A great place to meet up for some food and drinks...  	place	1
Yakitori (bbq meats) is tasty too.	Yakitori (bbq meats)	1
If you don't mind pre-sliced low quality fish, unfriendly staff and a sushi chef that looks like he is miserable then this is your place.	fish	-1
Price and quality of fish alone will keep us from making a return visit.	fish	-1
Wasn't going to share but I feel obligated...while sitting at the sushi bar dining we watched the chef accidentally drop a piece of Unagi on the floor and upon retrieving it from the floor proceed to use the piece in the delivery order he was preparing.	chef	-1
This place, which is only a few months old, is perhaps Queens' biggest secret!	place	1
Fabulous decor - makes you feel like you're in a trendy Manhattan restaurant, very very good food, cheaply-priced, generally friendly staff, and if you're a Manhattanite, or spend most of your time in Manhattan, Rice Avenue will make you feel at home.....very Soho/Village/Upper West Side minus the expensive prices and pretentious clientele.....all on Roosevelt Avenue!	decor	1
We were seated outside and the waiter spilled red wine and hot tea on myself and my date.	waiter	-1
One would think we'd get an apology or complimentary drinks - instead, we got a snobby waiter wouldn't even take our order for 15 minutes and gave us lip when we asked him to do so.	waiter	-1
With so many good restaurants on the UWS, I don't need overpriced food, absurdly arrogant wait-staff who don't recognize they work at a glorified diner, clumsy service, and management that doesn't care.	food	-1
I am relatively new to the area and tried Pick a bgel on 2nd and was disappointed with the service and I thought the food was overated and on the pricey side.	service	-1
The food is okay and the prices here are mediocre.	food	0
Baluchi's has solid food and a nice decor at reasonable prices.	Baluchi's	1
He offers subpar service and has no personality.	service	-1
There is no excuse for such lousy service!	service	-1
I have never before eaten 40 pieces of relatively good nigiri.	nigiri	0
$20 for all you can eat sushi cannot be beaten.	all you can eat sushi	1
I went to Areo on a Sunday afternoon with four of my girlfriends, and spent three enjoyable hours there.	Areo	1
Most of the servers are very attentive, friendly and quite attractive.	servers	1
The vibe is very relaxed and cozy, service was great and the food was excellent!	vibe	1
Food was good and the view of the new york city skiline was terrific even on a foggy rainy day like that of when I went.	Food	1
Although they do the typical what kind of water would you like questions the service was good and overall very relaxing to place to eat.	service	1
The food is great.	food	1
Personal pans are the perfect size for those hungry nights.	Personal pans	1
There is a downside if you're ordering in -- the delivery guys have MAJOR attitude.	delivery guys	-1
Never have I had such dramatic delivery guys (a lot of huffing and panting and muttering under breath b/c I live in a walkup) who always seem disappointed with their tips.	delivery guys	-1
Love the scene first off- the place has a character and nice light to it..very fortunate, location wise.	scene	1
The pizza was pretty good and huge.	pizza	1
We were 4 and got the family size penne a la vodka which was tremendously gigantic portion...a bucket of food literally.	penne a la vodka	1
The pasta penne was pretty extra buttery, creamy which means a big task to diggest.. tasty at first but i would say that i was full with a slice of pizza and 7 to count, penne...got a little moody afterwards cause was stuffed...lol	pasta penne	-1
La Rosa waltzes in, and I think they are doing it the best.	La Rosa	1
Interesting selection, good wines, service fine, fun decor.	selection	1
I found it on a cold night, the perfect spot to warm up.	spot	1
I recieved prompt service with a smile.	service	1
This place blew me away...by far my new favorite restaurant on the uppereast side.	place	1
The wine list is extensive and impressive.	wine list	1
LOVE the atmosphere - felt like I was in Paris.	atmosphere	1
The mussels were fantastic and so was the dessert...definitely going to be back very soon.	mussels	1
I have been coming here for years and have nothing but good things to say about the service and the great staff at La Lanterna.	service	1
Over the years the host, Vittorio, and his crew, have always treated me as family--although with all the business this not-so-little gem does, it amazing he's even able to remember a consistent but not-so-frequent visitor.	Vittorio	1
I've also been amazed at all the new additions in the past few years: A new Jazz Bar, the most fantastic Dining Garden, the Best Thin Crust Pizzas, and now a Lasagna Menu which is to die for (these are not your average lasagnas)!	Jazz Bar	1
I lOVE THIS PLACE!	PLACE	1
I have to say I have never had a disapointing meal here.	meal	1
We could have made a meal of the yummy dumplings from the dumpling menu.	dumplings	1
Luckily we saved room for the BBQ Salmon, Sea Bass and Crispy Duck.	BBQ Salmon	1
Love Al Di La	Al Di La	1
Great food.	food	1
The pastas are incredible, the risottos (particularly the sepia) are fantastic and the braised rabbit is amazing.	pastas	1
The food here was mediocre at best. 	food	-1
It was totally overpriced- fish and chips was about $15.... 	fish and chips	-1
Tasty Dog!	Dog	1
The Cypriot restaurant has a lot going for it.	Cypriot restaurant	1
But the best pork souvlaki I ever had is the main thing.	pork souvlaki	1
Super YUMMY Pizza!	Pizza	1
I was visiting New York City with a friend and we discovered this really warm and inviting restaurant.	restaurant	1
I LOOOVE their eggplant pizza, as well as their pastas!	eggplant pizza	1
We had half/half pizza, mine was eggplant and my friend had the buffalo and it was sooo huge for a small size pizza!	half/half pizza	1
Excellent food, although the interior could use some help.	food	1
The space kind of feels like an Alice in Wonderland setting, without it trying to be that.	space	-1
Reliable, Fresh Sushi	Sushi	1
The sashimi is always fresh and the rolls are innovative and delicious.	sashimi	1
Have never had a problem with service save a missing rice once.	service	1
Delivery can be spot on or lacking depending on the weather and the day of the week.	Delivery	-1
Best. Sushi. Ever.	Sushi	1
This place has ruined me for neighborhood sushi.	sushi	1
Excellent sashimi, and the millennium roll is beyond delicious.	sashimi	1
not only is the food	food	1
The waiter was attentive, the food was delicious and the views of the city were great.	waiter	1
Great place to relax and enjoy your dinner	place	1
There is something about their atmosphere that makes me come back nearly every week.	atmosphere	1
Place is open till late, no dress code.	Place	1
Good food: my favorite is the seafood spaghetti.	food	1
Excellent food for great prices	food	1
The wait staff is very courteous and accomodating.	wait staff	1
The space is limited so be prepared to wait up to 45 minutes - 1 hour, but be richly rewarded when you savor the delicious indo-chinese food.	space	1
my favorite place lol	place	1
i love their chicken pasta cant remember the name but is sooo good	chicken pasta	1
im not necessarily fanatical about this place, but it was a fun time for low pirces.	place	1
its just a fun place to go, not a five star restaraunt.	restaraunt	0
I think the pizza is so overrated and was under cooked.	pizza	-1
Had no flavor and the staff is rude and not attentive.	staff	-1
I love this place	place	1
The service was quick and friendly.	service	1
I ordered the vitello alla marsala and I was pretty impressed.	vitello alla marsala	1
The veal and the mushrooms were cooked perfectly.	veal	1
The potato balls were not dry at all... in fact it was buttery.	potato balls	1
WORST PLACE ON SMITH STREET IN BROOKLYN	PLACE	-1
Very immature bartender, didnt know how to make specific drinks, service was so slowwwww, the food was not fresh or warm, waitresses were busy flirting with men at the bar and werent very attentive to all the customers.	bartender	-1
I would never recommend this place to anybody even for a casual dinner.	place	-1
the food is always fresh ...	food	1
overpriced japanese food with mediocre service	japanese food	0
Chicken teriyaki had tomato or pimentos on top??	Chicken teriyaki	-1
food was luke warm.	food	-1
The waitress was not attentive at all.	waitress	-1
I was looking for banana tempura for dessert and they dont have.	dessert	-1
"Not because you are ""The Four Seasons""...  you are allowed to charge an arm and a leg for a romatic dinner."	The Four Seasons	-1
The food was excellent as well as service, however, I left The Four Seasons very dissappointed.	food	1
I do not think dinner in Manhattan should cost $400.00 where I am not swept off my feet.	dinner	-1
Just go to Yamato and order the Red Dragon Roll.	Yamato	1
The Seafood Dynamite is also otherworldly.	Seafood Dynamite	1
Favorite Sushi in NYC	Sushi	1
An unpretentious spot in Park Slope, the sushi is consistently good, the service is pleasant, effective and unassuming.	spot	1
In the summer months, the back garden area is really nice.	back garden area	1
The rolls are creative and I have yet to find another sushi place that serves up more inventive yet delicious japanese food.	rolls	1
I CAN EAT HERE EVERY DAY OF THE WEEK REALLY LOL LOVE THIS PLACE ...)	PLACE	1
Gross food  Wow-	food	-1
I can't remember the last time I had such gross food in New York.	food	-1
My quesadilla tasted like it had been made by a three-year old with no sense of proportion or flavor.	quesadilla	-1
And $11 for a plate of bland guacamole?	guacamole	-1
Don't get me started on the margaritas, either.	margaritas	-1
Oh, and I never write reviews--I just was so moved by how bad this place was, I felt it was my duty to spread the word.	place	-1
Great Indian Food!	Indian Food	1
The food was good, the place was clean and affordable.	food	1
I noticed alot of indian people eatting there which is a great sign for an indian place!	indian place	1
This is one of my favorite spot, very relaxing the food is great all the times , celebrated my engagement and my wedding here , it was very well organized .	food	1
The staff is very good.	staff	1
Love their drink menu.	drink menu	1
I highly recommend this beautiful place.	place	1
Food was OK.	Food	0
Nice view of river and NYC.	view of river and NYC	1
Great survice	survice	1
A beautifully designed dreamy Egyptian restaurant that gets sceney at night.	Egyptian restaurant	1
Watch the talented belly dancers as you enjoy delicious baba ganoush that's more lemony than smoky.	belly dancers	1
Oh, and there's hookah.	hookah	1
Raymond the bartender rocks!	Raymond	1
Pacifico is a great place to casually hang out.	Pacifico	1
The drinks are great, especially when made by Raymond.	drinks	1
The omlette for brunch is great...	omlette for brunch	1
the spinach is fresh, definately not frozen...	spinach	1
quacamole at pacifico is yummy, as are the wings with chimmichuri.	quacamole	1
A weakness is the chicken in the salads.	chicken in the salads	-1
Overall, decent food at a good price, with friendly people.	food	1
Best Indian Restaurant in the City	Indian Restaurant	1
Decor needs to be upgraded but the food is amazing!	Decor	1
This small Astoria souvlaki spot makes what many consider the best gyros in New York.	gyros	1
What really makes it shine is the food, which is aggressively seasoned with Cyrpriot spices, and all made in-house (even the gyro meat and sausages), and made of much higher quality ingredients that might otherwise be expected.	food	1
All the various Greek and Cypriot dishes are excellent, but the gyro is the reason to come--if you don't eat one your trip was wasted.	Greek and Cypriot dishes	1
Best restaurant in Brooklyn	restaurant	1
Great food, amazing service, this place is a class act.	food	1
This place is a must visit!	place	1
The food is all shared so we get to order together and eat together.	food	1
I've enjoyed 99% of the dishes we've ordered with the only exceptions being the occasional too-authentic-for-me dish (I'm a daring eater but not THAT daring).	dishes	1
My daughter's wedding reception at Water's Edge received the highest compliments from our guests.	Water's Edge	1
Everyone raved about the atmosphere (elegant rooms and absolutely incomparable views) and the fabulous food!	atmosphere	1
Service was wonderful;	Service	1
Paul, the maitre d', was totally professional and always on top of things.	Paul	1
Thank you everyone at Water's Edge.	Water's Edge	1
Service ok but unfriendly,filthy bathroom.	Service	-1
The high prices you're going to pay is for the view not for the food.	view	0
The bar drinks were Eh, ok to say the least.	bar drinks	-1
The stuff tilapia was horrid...tasted like cardboard.	stuff tilapia	-1
We thought the dessert would be better, Wrong!	dessert	-1
oh speaking of bathroom , the mens bathroom was disgusting.	mens bathroom	-1
The wine list was extensive - though the staff did not seem knowledgeable about wine pairings.	wine list	1
"The bread we received was horrible - rock hard and cold - and the ""free"" appetizer of olives was disappointing."	bread	-1
However, our main course was wonderful.	main course	1
I had fish and my husband had the filet - both of which exceeded our expectations.	fish	1
The dessert (we had a pear torte) was good - but, once again, the staff was unable to provide appropriate drink suggestions.	pear torte	1
When we inquired about ports - the waitress listed off several but did not know taste variations or cost.	waitress	-1
Not what I would expect for the price and prestige of this location.	location	0
All in all, I would return - as it was a beautiful restaurant - but I hope the staff pays more attention to the little details in the future.	restaurant	1
short and sweet  seating is great:it's romantic,cozy and private.	seating	1
The boths are not as small as some of the reviews make them out to look they're perfect for 2 people.	boths	1
The food was ok and fair nothing to go crazy.	food	0
So what you really end up paying for is the restaurant not the food.	restaurant	-1
Subtle food and service	food	1
Noodle pudding is exactly the type of service and food I enjoy.	service	1
Servers are all different, Greg is my favorite.	Greg	1
This is the first place I've been that a runner remembers my order... hope he likes his job because I have half a mind to steal him for my restaurant.	runner	1
Prices are fair across the board for both food and bev.	food	1
I go out to eat and like my courses, servers are patient and never rush courses or force another drink.	servers	1
amazing fresh dogs but best of all endless toppings!!!	dogs	1
this place had ALL the trimmings and i mean all.	trimmings	1
amazing fun for hot dog lovers of all ages PLEASE do yourself a favor and check this place out!!!!	hot dog	1
Stepping into Casa La Femme last night was a true experience unlike any other in New York!	Casa La Femme	1
The have a great cocktail with Citrus Vodka and lemon and lime juice and mint leaves that is to die for!	cocktail with Citrus Vodka and lemon and lime juice and mint leaves	1
Food took some time to prepare, all worth waiting for.	Food	1
We were drawn into the belly dancing show that captivated the crowd.	belly dancing show	1
I never write on these sites but this restaurant is def worth commending!	restaurant	1
Maggot in the food!	food	-1
Nevertheless, I finished my plate, and that's when I found a maggot in mushroom sauce at the bottom.	mushroom sauce	-1
I showed it to the manager, and he smilingly apologized and brought us two free desserts (but did not ask us what we wanted and so brought the last two desserts we would have asked for).	manager	1
I have worked in restaurants and cook a lot, and there is no way a maggot should be able to get into well prepared food.	food	-1
For a restaurant with such a good reputation and that is usually so packed, there was no reason for such a lack of intelligent customer service.	restaurant	1
I got hair in my food 2 times of then !	food	-1
Great place, great value.	place	1
The atmosphere is relaxed and casual.	atmosphere	1
It's a great place to order from or sit-in.	place	1
Sushi experience was unbelievable with my fiance.	Sushi	1
Good creative rolls!	rolls	1
Yamato is an excellent place to go if youre not into sashimi, or if you have friends who doesnt like sushi much.	Yamato	1
They have great rolls, the triple color and norwegetan rolls, are awesome and filling.	rolls	1
One special roll and one regular roll is enough to fill you up, but save room for dessert!	special roll	1
They have a delicious banana chocolate dessert, as well as a great green tea tempura.	banana chocolate dessert	1
The appetizers are also delicious!	appetizers	1
Amazing food.	food	1
Mazing interior.	interior	-1
Great food!	food	1
I've had my fair share of modern Japanese and this spot delivers.	modern Japanese	1
The atmosphere was pretty nice but had a bit lacking, which it tries to make up for with a crazy scheme of mirrors.	atmosphere	-1
Despite the confusing mirrors this will likely be my go-to for modern Japanese food for the foreseeable future.	mirrors	1
Indo Chinese food, pretty good...	Indo Chinese food	1
Not a very fancy place but very good Chinese style Indian food.	place	1
The chicken lollipop is my favorite, most of the dishes (I have to agree with a previous reviewer) are quite oily and very spicy, espeically the Chilli Chicken.	chicken lollipop	1
My mom originally introduced me to this place, but even she (being Indian) feels the food can be somewhat over the top spicy and far too oily.	food	-1
I was speechless by the horrible food.	food	-1
I attended a holiday dinner at the restaurant, and the food was majorly disappointing.	food	-1
Rather than preparing vegetarian dish, the chef presented me with a plate of steamed vegetables (minus sauce, seasoning, or any form or aesthetic presentation).	vegetarian dish	-1
This place survives on reputation alone.	place	-1
This is the MOST wonderful restaurant in all of New York City, not just Brooklyn...	restaurant	1
for 7 years they have put out the most tasty, most delicious food and kept it that way...	food	1
great food, great wine list, great service in a great neighborhood...	food	1
Hands down the best pizza on the planet.	pizza	1
great hot dogs..	hot dogs	1
the hot dogs were juicy and tender inside and had plenty of crunch and snap on the outside.	hot dogs	1
great toppings definitely a place you need to check out for late night munchies or a mid day boost!	toppings	1
For me dishes a little oily, but overall dining experience good.	dishes	-1
Helpful service and average price per dish $10.	service	1
The only thing that strikes you is the decor?(not very pleasant).	decor	-1
great food	food	1
Be prepared to wait, because the place is pretty tiny.	place	-1
Even though the place is not beautiful, the food speaks for itself.	place	1
Best Indian Chinese in the city, by far!	Indian Chinese	1
I came across Village Underground by accident, now I go there all the time.	Village Underground	1
THE SERVICE IS AMAZING, i've had different waiters and they were all nice, which is a rare thing in NYC.	SERVICE	1
The DJ is awesome, I have been there for my birthday and a bunch of other times with friends and I keep going back.	DJ	1
Everything on the menu is great. 	menu	1
This establishment is the real deal. 	establishment	1
Wish NY had more of these kind of places: intimate, superb food, homey, top notch all the way around, certainly worth the wait.	food	1
But $500 for a dinner for two that didn't include Wine?	dinner for two	-1
Look, the appetizers were really good.	appetizers	1
The entree was also very good.	entree	1
What you are paying for is the environment and the name.	environment	0
Yes, the place is classy and beautiful, but they most certainly target the uber whealthy Not the common joe that wants to go all out every once in a while.	place	1
Vanison was good but not amazing.	Vanison	0
Dessert: pure disaster.	Dessert	-1
I read reviews that called the restaurant too expensive and I thought to myself, but may be it is worth it.	restaurant	-1
"The Four Seasons has history and it is a sort of landmark of New York City restaurants, but trust me, they will charge you through the nose just so that you can say ""I've been to the four seasons restaurant""."	The Four Seasons	0
All in all, the food was great (except for the dessserts).	food	1
The environment is very upscale and you will see a lot of rich guys with trophy wives or just highly paid escorts.	environment	0
If you are going for the food, it will not be worth it.	food	-1
You would think they would make up for it with service, sadly, no.	service	-1
Service was just ok, it is not what you'd expect for $500.	Service	-1
I agree that dining at Casa La Femme is like no other dining experience!	Casa La Femme	-1
I literally just got back home after visiting Casa La Femme and was so offended by my visit felt it necessary to try and warn other diners who value their money and time.	Casa La Femme	-1
We did arrive late for our reservation so I can not complain too much about the wait for a table.	wait	0
The place is beautiful!	place	1
The hostess was very pleasant.	hostess	1
However, our $14 drinks were were horrible!	drinks	-1
We also asked for Hooka six times and the waiter kept telling us one minute and never returning with the Hooka.	waiter	-1
After the 4th time i asked again and the waiter than said after our dinner.	waiter	-1
We asked for sides which the waiter than admitted that he forgot to put in that part of our order.	waiter	-1
My chicken was inedible as there were so many fatty lumps which i had to keep spitting out into my napkin.	chicken	-1
I would not expect this for a $55 dinner.	dinner	-1
By the time we left our wallets were empy and so were our stomachs AND we missed the show we were supposed to see following our dinner, which would have been acceptable if we got to enjoy the experience of good food and belly dancers!	food	-1
If it seemed possible to do so while there I would have fought my bill since my dinner portion of my meal was inedible!	meal	-1
I have never left a restaurant feeling as if i was abused, and wasted my hard earned money.	restaurant	-1
The menu is fairly simple without much descriptions. 	menu	0
There was no tap beer that evening, which was a disappointment. 	beer	-1
Not much of a selection of bottled beer either, we went with Brahma. 	selection of bottled beer	-1
The appetizers we ordered were served quickly - an order of fried oysters and clams were delicious but a tiny portion (maybe 3 of each). 	fried oysters and clams	1
The lobster knuckles (special of the day) were ok, but pretty tasteless.	lobster knuckles	0
"I believe there were 2 shrimp in the ""salt encrusted shrimp"" appetizer. "	"""salt encrusted shrimp"" appetizer"	-1
I had the Thai style Fried Sea Bass...which was very good. 	Thai style Fried Sea Bass	1
Everyone seemed generally happy with their food, except my brother who had the grilled Mahi Mahi, seemingly drenched in Grapfruit Juice! 	food	1
I heard the lobster roll was excellent. 	lobster roll	1
All in all the food was good - a little on the expensive side, but fresh. 	food	1
"Service not the friendliest to our ""large party""! "	Service	-1
Great Indian food	Indian food	1
Food was amazing - I love Indian food and eat it quite regularly, but I can say this is one of the best I've had.	Food	1
"Very ""normal Indian food"", but done really well."	Indian food	0
I have it a 4 instead of 5 because of the price (just chicken tikka masala - no bread of rice - is $25), which I would expect at a upscale Indian restaurant but this place doesn't have an upscale feel.	chicken tikka masala	1
Also, waiters try to push more food on you, like suggest things as if they are complimentary when they actually cost $.	waiters	-1
"Bukhara Grill, the tagline says it all.. ""INDIAN SPICE RAVE"""	Bukhara Grill	1
The lunch buffet is expensive but is deff worth it.	lunch buffet	-1
We have gone for dinner only a few times but the same great quality and service is given.	dinner	1
Bukhara is on my top 5 Indian places in NYC	Bukhara	1
I have never been so disgusted by both food an service.	food	-1
My main concern was the sanity of the food that was being sent out to myself and others, but I would be lying is I said that as someone who has worked in restaurants since the age of fifteen I was expecting at least a minimal effort on the part of the restaurant to amend the situation.	food	-1
My girlfriend, being slightly more aggressive, and having been equally disgusted causing her to throw out the remainder of her barely eaten meal, called back only to be informed that I was probably wrong and that it was most likely an oyster, and that we were also blacklisted from their restaurant.	meal	-1
It wasn't as if this restaurant had any major bragging points before hand, but now it's simply repulsive.	restaurant	-1
Gorgeous place ideal for a romantic dinner	place	1
I completely recommend Casa La Femme for any special occasion and to REALLY impress your date.	Casa La Femme	1
The bibimbap was average, but the stone bowl wasn't even close to sizzling.	bibimbap	0
Too bad I had paid an extra $2 for the stone bowl.	stone bowl	-1
The nakgi-bokum was horrible.	nakgi-bokum	-1
Easily the worst stir-fried squid I've ever tasted.	stir-fried squid	-1
The sauce tasted more like Chinese fast food than decent Korean.	sauce	-1
The real problem I had with this place was the complete lack of service.	service	-1
My wife had barely touched that mess of a dish.	dish	-1
The farro salad and the mashed yukon potatoes were also extremely tasty.	farro salad	1
i love margherita pizza  i looove east village pizza	margherita pizza	1
Love this place, every time we are in the city this is one of the places we always go.	place	1
A quintessential slice of NYC pizza.	slice of NYC pizza	0
The crust has a great bite and a good chew, the sauce is light with a nice acidity to it, the salt from the cheese is great, really heightens the flavor of all the other components.	crust	1
Personally I like the margherita pizza better, but they are all good.	margherita pizza	1
Possibly the Most Romantic Restaurant in the City	Restaurant	1
This is undoubtedly my favorite modern Japanese brasserie (that don't serve sushi), and in my opinion, one of the most romantic restaurants in the city!	modern Japanese brasserie	1
Not only is it an adventure getting to this somewhat hidden spot, once you enter the unmarked wooden doors, the zen and intimate decor will make you feel like you're no longer in the city.	spot	1
If you're planning to come here, make sure that your date is someone whom you really like since you'll be ushered to private booths where there will be no people or food watching (choose the ones on the ground level that have glass ceilings so you may see the stars in the sky!).	private booths	1
It's just you and your date and an occasional cute excuse me' before the waiter opens the little curtain to your booth!	waiter	1
My party had the BBE $29 fixe prix menu, which was such a wonderful deal since it also came with a flight of sake!	BBE $29 fixe prix menu	1
I picked the Grilled Black Cod as my entree, which I absolutely devoured while someone commented that the Grilled Salmon dish was better.	Grilled Black Cod	1
The sake's complimented the courses very well and is successfully easing me into the sake world.	sake's	1
For desserts, we tried the frozen black sesame mousse (interesting but not extraordinary) and matcha (powdered green tea) and blueberry cheesecake, which was phenomenal.	frozen black sesame mousse	1
Maybe it was the great company (I had friends visiting from Philly  yes, it was not a date this time) or the super reasonable price point, but I just can't say enough good things about this brasserie.	brasserie	1
I don't usually visit the same establishment more than once, what more twice, but I'll come to Zenkichi anytime for a quiet, unhurried and memorable dinner.	Zenkichi	1
The service leaves much to be desired, from feeling like you are rushed the place your order, to being ignored the rest of the night.	service	-1
They are extremely rude, not even apologizing for the horrible service we got and handing us a bill well over $500 for some drinks adn their pita bread!	service	-1
Great Shabu Shabu	Shabu Shabu	1
I tried a couple other dishes but wasn't too impressed.	dishes	0
But for the Shabu Shabu, you won't find much better in NY.	Shabu Shabu	1
Dokebi gives Williamsburg the right one-two punch of classic Korean food and fusion twists like pork belly tacos.	Korean food	1
Restaurant with a view	view	0
The food tasted very good.	food	1
The main entree was also very good.	main entree	1
Price is high but the food is good, so I would come back again.	food	1
This place doesn't make any sense	place	-1
This place has totally weird decor, stairs going up with mirrored walls - I am surprised how no one yet broke their head or fall off the stairs - mirrored walls make you dizzy and delusional...	decor	-1
This place is not inviting and the food is totally weird.	place	-1
The concept of japanese tapas is newly created and clearly doesn't work.	japanese tapas	-1
Good Food	Food	1
The food was great and tasty, but the sitting space was too small, I don't like being cramp in a corner.	food	1
Over all it was a very nice romantic place .	place	1
The food we ordered was excellent, although I wouldn't say the margaritas were anything to write home about.	food	1
Our waitress wasn't mean, but not especially warm or attentive either.	waitress	0
I must say I am surprised by the bad reviews of the restaurant earlier in the year, though.	restaurant	1
Regardless, we'll be back and can't wait to visit in the summer to take advantage of the patio.	patio	1
The servers at Flatbush Farm appear to have perfected that ghastly technique of making you feel guilty and ashamed for deigning to attract their attention.	servers	-1
A different server enhanced the fun, dumping our entrees in front of us halfway through our appetizer (which was delicious).	server	1
How is this palce still open?	palce	-1
I took one look at the chicken and I was appalled.	chicken	-1
It was served with skin, over a bed of extremely undercooked spinach and mashed potatoes.	spinach	-1
I took one bite from the $24 salmon, and I have never, in the 17 years I have been going to restaurants tasted salmon as fishy, as dry, and as bland as the one in Flatbush Farms.	salmon	-1
At this point, the waitress comes over and asks us if everything was okay, I was literally so shocked that I was speechless and didn't say anything, and guess what, the waitress WALKED away.	waitress	-1
So, I switch with my boyfriend again to see if maybe I could stomach the meat and spinach again, but the spinach was so undercooked that I just could not bite through it.	spinach	-1
This is where it really really gets bad: the manager said, there is absolutely nothing we can do, it's a matter of taste that she didn't like it, and I cannot comp it.	manager	-1
The manager came to the table and said we can do what we want, so we paid for what we did enjoy, the drinks and appetizers, and walked out.	manager	1
THIS STAFF SHOULD BE FIRED.	STAFF	-1
cirspy crust margherita pizza	margherita pizza	1
it was really good pizza.	pizza	1
the crust was imazingly cooked well and pizza was fully loaded:):):)	crust	1
Single Worst Restaurant in Manhattan	Restaurant	-1
I'll being with a couple of positives: cool decor, good pita and hummus, and grilled octopus that was actually pretty tasty.	decor	1
If I could give 0 stars I would do so for this place.	place	-1
This place...god where do i begin.	place	-1
It is quite a spectacular scene i'll give them that.	scene	1
The decor however seems to be the distraction so you won't notice that you just payed 300 bucks for some cold eggplant that took 2 FRICKIN HOURS TO COME!!!!	decor	0
How this place survives the competitive west village market in this economy, or any other for that matter, is beyond me.	place	-1
Great Hot Dogs!	Hot Dogs	1
The hot dogs are top notch, and they're Slamwich is amazing!	hot dogs	1
Going to Bark is always worth the train ride, and will make your tongue and belly very happy!	Bark	1
Only complaint is the pricing--I believe it would be more reasonable to pay a dollar less on each item listed on the menu.	menu	-1
But nonetheless--great spot, great food.	spot	1
Fabulous food - if the front of house staff don't put you off  	food	1
Each time we've been, the front of house staff (not the waiters - they're fantastic - but the people who greet and seat you) has been so hideous to us that were it not for the exceptional fish dishes I would never return. 	front of house staff	1
As BFC doesn't take reservations you almost always have to wait by the bar - and be abused by the front of house staff until you are seated, which can be over an hour later!	BFC	-1
The frizzy retro girl (with winged/ Dame Edna glasses) will yell at you if you try to order a drink. 	girl	-1
I'd be horrified if my staff were turning away customers so early and so rudely!	staff	-1
"There's another girl who I can't describe, she is about 5'6"" with brown hair, who eavesdrops on your conversation and chimes in - except she only hears the last part of what you said, so her uninvited opinions are often out of context and nothing to do with what you're *really* talking about. "	girl	-1
Considering you will spend at least $60 a head, I expect better service. 	service	-1
"Maitre-D-""Eat and get out"""	Maitre-D	-1
The food and service were fine, however the maitre-D was incredibly unwelcoming and arrogant.	food	1
While finishing our meals which included a high-end bottle of wine, our son's fiance joined us for a glass of wine and dessert.	bottle of wine	1
This guy refused to seat her and she left, followed shortly by the four of us, but not before I told him that in my 40 years of world travel, including Paris, that I had never seen such a display of bad behavior by a frontman in a restaurant.	frontman	-1
"A word to the wise: you can't dine here and disturb the maitre-D's sense of "" table turnover"", as whacked as it is, or else."	maitre-D	-1
Best meal in a long time!	meal	1
Mussles and calamari were superb Saturday evening.	Mussles	1
I had the Lamb special which was perfect.	Lamb special	1
My father had the flank steak which was very good, and my mother had the swordfish.	flank steak	1
The Four Seasons restaurant is a great experience.	The Four Seasons restaurant	1
The food is great and the environment is even better.	food	1
Taking Hot Dogs to the next level	Hot Dogs	1
At first glance this place seems a bit pricey for a hot dog joint, but at Bark you don't just get your average hot dog.	hot dog	1
Great Atmosphere	Atmosphere	1
I highly recommend the fish tacos, everything else was ok.	fish tacos	1
Cool atmosphere, the fire place in the back really ads to it but needs a bit more heat throughout on a cold night.	atmosphere	1
Poor service and management	service	-1
Don't go to this place!	place	-1
Had an awful experience at Casa la Femme on a Saturday dinner.	Casa la Femme	-1
The manager was rude and handled the situation extremely poorly.	manager	-1
Can't believe how an expensive NYC restaurant can be so disrespectful to its clients.	restaurant	-1
The food is very good, but not outstanding.	food	0
There is no way it justifies the accolades it receives, the attitude of the staff or the wait for a table.	staff	-1
Mistakes happen, but they are usually accompanied by an apology, perhaps even a glass of wine...but not the grunt that we received from the Al Di La staff.	staff	-1
The bread was stale, the salad was overpriced and empty.	bread	-1
The pasta was well cooked, didn't have enough sauce though or flavor.	pasta	1
The hostess was rude and I got a distinct feeling that they did not want to serve us.	hostess	-1
The only thing that my friend left out is that when we sat down at the bar the bartender disappeared.	bartender	-1
I asked for a menu and the same waitress looked at my like I was insane.	waitress	-1
"I was shocked that my friends wanted to stay after the waitress said, ""can I help you"" and ""how many are in your party."""	waitress	-1
Shame on this place for the horrible rude staff and non-existent customer service.	staff	-1
bad staff	staff	-1
I generally like this place.	place	1
The food is good.	food	1
But the service is HORRID!	service	-1
I was there for brunch recently, and we were tag teamed by a waitress and a waiter.	waitress	-1
The waiter delivered our food while holding what appeared to be a plastic bag of garbage in one hand.	waiter	-1
The waitress came to check in on us every few minutes, and began to clear the plates while half of us were still eating (a big pet peeve of mine that happens almost everywhere, so I try to ignore it).	waitress	-1
I wish I could like this place more, and I wish someone would retrain the staff.	place	-1
